,epoch,losses
,epoch,losses
0,1,2.1579762895902
1,2,2.157088925027185
2,3,2.160054466790623
3,4,2.1556198675599365
4,5,2.1632634666230945
5,6,2.159017519818412
6,7,2.1598915259043374
,epoch,losses
0,1,2.100217238482502
1,2,2.079441547393799
2,3,2.079441547393799
3,4,2.079441547393799
4,5,2.079441547393799
5,6,2.079441547393799
6,7,2.079441547393799
7,8,2.079441547393799
8,9,2.079441547393799
9,10,2.079441547393799
