,epoch,losses
0,3400,1.8382928810185857
1,3401,1.8632043968472216
